{"cameraMode":{"drawMode":0,"name":"Shaded","section":"Shading Mode"},"sceneLighting":true,"audioPlay":false,"sceneViewState":{"showFog":true,"showMaterialUpdate":false,"showSkybox":true,"showFlares":true,"showImageEffects":true,"showParticleSystems":true},"in2DMode":false,"pivot":{"x":85.50233459472656,"y":11.24927806854248,"z":-16.04336929321289},"rotation":{"x":-0.12894566357135774,"y":-0.008332544937729836,"z":0.0010833750711753965,"w":-0.9916209578514099},"size":17.471235275268556,"orthographic":false}